Kennziffer;Raumeinheit;Aggregat;Medianeinkommen;Einwohnerdichte;Ländlichkeit;Pkw-Dichte;Pendler mit Arbeitsweg 50 km und mehr;Auspendler
;;;2017;2017;2017;2017;2017;2017
"01001";"Flensburg, Stadt";"krsfr. Stadt";"2.986";"1.560";"0";"478";"14,0";"34,2"
"01002";"Kiel, Stadt";"krsfr. Stadt";"3.304";"2.090";"0";"436";"13,1";"30,3"
"01003";"Lübeck, Stadt";"krsfr. Stadt";"3.036";"1.010";"0";"444";"15,0";"31,3"
"01004";"Neumünster, Stadt";"krsfr. Stadt";"2.842";"1.108";"0";"514";"14,7";"38,6"
"01051";"Dithmarschen";"Landkreis";"2.914";"93";"74";"583";"16,7";"73,5"
"01053";"Herzogtum Lauenburg";"Landkreis";"2.832";"155";"36";"572";"15,6";"79,7"
"01054";"Nordfriesland";"Landkreis";"2.768";"79";"76";"595";"15,1";"65,7"
"01055";"Ostholstein";"Landkreis";"2.636";"151";"32";"601";"15,2";"70,8"
"01056";"Pinneberg";"Landkreis";"3.036";"471";"8";"545";"7,2";"81,0"
"01057";"Plön";"Landkreis";"2.771";"112";"41";"597";"11,4";"83,8"
"01058";"Rendsburg-Eckernförde";"Landkreis";"2.945";"125";"60";"606";"12,2";"81,5"
"01059";"Schleswig-Flensburg";"Landkreis";"2.715";"96";"74";"604";"11,6";"79,5"
"01060";"Segeberg";"Landkreis";"3.031";"198";"31";"584";"12,0";"79,2"
"01061";"Steinburg";"Landkreis";"2.991";"125";"64";"591";"21,6";"76,4"
"01062";"Stormarn";"Landkreis";"3.023";"334";"15";"603";"11,7";"83,4"
"02000";"Hamburg, Stadt";"krsfr. Stadt";"3.619";"2.424";"0";"421";"8,8";"17,1"
"03101";"Braunschweig, Stadt";"krsfr. Stadt";"3.438";"1.287";"0";"542";"10,8";"35,4"
"03102";"Salzgitter, Stadt";"krsfr. Stadt";"4.085";"466";"0";"507";"11,2";"39,6"
"03103";"Wolfsburg, Stadt";"krsfr. Stadt";"4.622";"606";"0";"1.125";"6,5";"17,7"
"03151";"Gifhorn";"Landkreis";"3.136";"112";"53";"579";"8,4";"82,4"
"03153";"Goslar";"Landkreis";"2.858";"142";"9";"565";"16,1";"55,1"
"03154";"Helmstedt";"Landkreis";"2.720";"136";"46";"584";"9,1";"80,8"
"03155";"Northeim";"Landkreis";"2.931";"105";"70";"633";"10,6";"62,6"
"03157";"Peine";"Landkreis";"2.946";"249";"16";"599";"9,7";"76,1"
"03158";"Wolfenbüttel";"Landkreis";"2.979";"166";"46";"601";"8,8";"80,7"
"03159";"Göttingen";"Landkreis";"3.128";"187";"18";"542";"12,0";"55,8"
"03241";"Region Hannover";"Landkreis";"3.387";"502";"7";"490";"10,1";"54,8"
"03251";"Diepholz";"Landkreis";"2.822";"108";"51";"619";"10,7";"75,3"
"03252";"Hameln-Pyrmont";"Landkreis";"3.142";"186";"25";"600";"12,4";"59,1"
"03254";"Hildesheim";"Landkreis";"3.044";"229";"24";"561";"11,1";"65,1"
"03255";"Holzminden";"Landkreis";"3.132";"102";"51";"609";"12,2";"70,4"
"03256";"Nienburg (Weser)";"Landkreis";"2.866";"87";"74";"608";"15,8";"72,4"
"03257";"Schaumburg";"Landkreis";"2.880";"234";"9";"613";"12,2";"78,2"
"03351";"Celle";"Landkreis";"3.154";"115";"47";"588";"13,5";"63,9"
"03352";"Cuxhaven";"Landkreis";"2.768";"96";"76";"606";"16,9";"68,2"
"03353";"Harburg";"Landkreis";"2.718";"201";"27";"628";"10,8";"82,6"
"03354";"Lüchow-Dannenberg";"Landkreis";"2.700";"39";"100";"613";"21,9";"71,8"
"03355";"Lüneburg";"Landkreis";"2.890";"138";"36";"545";"24,0";"71,3"
"03356";"Osterholz";"Landkreis";"2.737";"173";"26";"610";"8,7";"80,8"
"03357";"Rotenburg (Wümme)";"Landkreis";"2.850";"79";"87";"649";"18,2";"71,5"
"03358";"Heidekreis";"Landkreis";"2.892";"74";"92";"603";"18,2";"63,4"
"03359";"Stade";"Landkreis";"3.098";"159";"40";"588";"12,0";"73,6"
"03360";"Uelzen";"Landkreis";"2.766";"63";"64";"587";"18,6";"66,1"
"03361";"Verden";"Landkreis";"2.926";"173";"34";"606";"10,9";"74,0"
"03401";"Delmenhorst, Stadt";"krsfr. Stadt";"2.815";"1.241";"0";"526";"9,2";"64,3"
"03402";"Emden, Stadt";"krsfr. Stadt";"3.562";"450";"0";"467";"9,9";"26,1"
"03403";"Oldenburg (Oldenburg), Stadt";"krsfr. Stadt";"3.152";"1.621";"0";"507";"17,8";"36,5"
"03404";"Osnabrück, Stadt";"krsfr. Stadt";"3.245";"1.372";"0";"494";"13,9";"39,3"
"03405";"Wilhelmshaven, Stadt";"krsfr. Stadt";"3.169";"713";"0";"512";"14,3";"31,2"
"03451";"Ammerland";"Landkreis";"2.809";"169";"28";"615";"11,9";"69,0"
"03452";"Aurich";"Landkreis";"2.785";"148";"32";"589";"8,4";"63,7"
"03453";"Cloppenburg";"Landkreis";"2.609";"118";"72";"559";"11,3";"65,3"
"03454";"Emsland";"Landkreis";"2.972";"112";"61";"582";"12,1";"60,1"
"03455";"Friesland";"Landkreis";"2.898";"162";"30";"637";"11,2";"68,7"
"03456";"Grafschaft Bentheim";"Landkreis";"2.833";"138";"49";"586";"9,1";"58,1"
"03457";"Leer";"Landkreis";"2.761";"156";"24";"579";"12,0";"69,9"
"03458";"Oldenburg";"Landkreis";"2.720";"122";"61";"612";"12,1";"76,7"
"03459";"Osnabrück";"Landkreis";"2.808";"168";"35";"614";"9,0";"71,5"
"03460";"Vechta";"Landkreis";"2.821";"173";"30";"581";"8,9";"58,1"
"03461";"Wesermarsch";"Landkreis";"3.428";"108";"46";"576";"11,4";"60,9"
"03462";"Wittmund";"Landkreis";"2.685";"86";"100";"605";"11,3";"67,4"
"04011";"Bremen, Stadt";"krsfr. Stadt";"3.445";"1.741";"0";"425";"12,1";"22,3"
"04012";"Bremerhaven, Stadt";"krsfr. Stadt";"3.196";"1.207";"0";"430";"17,1";"28,9"
"05111";"Düsseldorf, Stadt";"krsfr. Stadt";"3.882";"2.839";"0";"493";"9,6";"35,3"
"05112";"Duisburg, Stadt";"krsfr. Stadt";"3.467";"2.140";"0";"450";"8,3";"48,2"
"05113";"Essen, Stadt";"krsfr. Stadt";"3.451";"2.774";"0";"484";"8,0";"41,2"
"05114";"Krefeld, Stadt";"krsfr. Stadt";"3.423";"1.645";"0";"509";"9,7";"47,9"
"05116";"Mönchengladbach, Stadt";"krsfr. Stadt";"3.047";"1.538";"0";"510";"10,3";"42,9"
"05117";"Mülheim an der Ruhr, Stadt";"krsfr. Stadt";"3.523";"1.876";"0";"534";"8,3";"59,0"
"05119";"Oberhausen, Stadt";"krsfr. Stadt";"3.272";"2.743";"0";"510";"8,2";"61,1"
"05120";"Remscheid, Stadt";"krsfr. Stadt";"3.323";"1.484";"0";"540";"4,9";"41,8"
"05122";"Solingen, Stadt";"krsfr. Stadt";"3.085";"1.774";"0";"563";"5,6";"45,0"
"05124";"Wuppertal, Stadt";"krsfr. Stadt";"3.379";"2.100";"0";"471";"7,6";"39,0"
"05154";"Kleve";"Landkreis";"2.882";"252";"10";"592";"13,5";"64,1"
"05158";"Mettmann";"Landkreis";"3.473";"1.192";"0";"590";"7,5";"70,4"
"05162";"Rhein-Kreis Neuss";"Landkreis";"3.446";"780";"0";"586";"8,6";"70,5"
"05166";"Viersen";"Landkreis";"2.969";"530";"0";"605";"10,4";"71,3"
"05170";"Wesel";"Landkreis";"3.047";"442";"6";"599";"11,0";"72,7"
"05314";"Bonn, Stadt";"krsfr. Stadt";"3.857";"2.307";"0";"536";"10,8";"37,3"
"05315";"Köln, Stadt";"krsfr. Stadt";"3.696";"2.668";"0";"435";"10,3";"30,1"
"05316";"Leverkusen, Stadt";"krsfr. Stadt";"4.170";"2.074";"0";"531";"7,4";"55,5"
"05334";"Städteregion Aachen";"Landkreis";"3.365";"784";"5";"510";"11,2";"55,1"
"05358";"Düren";"Landkreis";"3.236";"279";"12";"590";"10,5";"70,8"
"05362";"Rhein-Erft-Kreis";"Landkreis";"3.188";"663";"0";"576";"9,7";"77,6"
"05366";"Euskirchen";"Landkreis";"3.079";"154";"30";"688";"14,3";"71,2"
"05370";"Heinsberg";"Landkreis";"2.926";"403";"0";"601";"12,9";"72,9"
"05374";"Oberbergischer Kreis";"Landkreis";"3.320";"297";"0";"626";"9,7";"66,8"
"05378";"Rheinisch-Bergischer Kreis";"Landkreis";"3.192";"648";"0";"616";"8,4";"74,4"
"05382";"Rhein-Sieg-Kreis";"Landkreis";"3.082";"519";"0";"588";"10,0";"78,5"
"05512";"Bottrop, Stadt";"krsfr. Stadt";"3.149";"1.167";"0";"559";"6,9";"64,0"
"05513";"Gelsenkirchen, Stadt";"krsfr. Stadt";"3.242";"2.481";"0";"457";"9,8";"55,3"
"05515";"Münster, Stadt";"krsfr. Stadt";"3.432";"1.034";"0";"450";"14,0";"26,7"
"05554";"Borken";"Landkreis";"3.091";"260";"6";"575";"11,3";"53,5"
"05558";"Coesfeld";"Landkreis";"3.000";"197";"17";"605";"10,9";"69,7"
"05562";"Recklinghausen";"Landkreis";"3.127";"810";"0";"552";"11,3";"69,7"
"05566";"Steinfurt";"Landkreis";"2.976";"249";"14";"580";"9,0";"65,8"
"05570";"Warendorf";"Landkreis";"3.201";"210";"22";"587";"9,4";"65,3"
"05711";"Bielefeld, Stadt";"krsfr. Stadt";"3.310";"1.285";"0";"489";"7,8";"30,7"
"05754";"Gütersloh";"Landkreis";"3.177";"375";"0";"599";"7,0";"60,7"
"05758";"Herford";"Landkreis";"3.055";"558";"0";"619";"6,6";"70,2"
"05762";"Höxter";"Landkreis";"2.901";"118";"57";"606";"13,0";"62,2"
"05766";"Lippe";"Landkreis";"3.185";"280";"17";"597";"7,1";"67,0"
"05770";"Minden-Lübbecke";"Landkreis";"3.097";"270";"17";"622";"9,4";"62,0"
"05774";"Paderborn";"Landkreis";"3.077";"245";"18";"567";"10,1";"54,9"
"05911";"Bochum, Stadt";"krsfr. Stadt";"3.273";"2.509";"0";"515";"11,1";"48,9"
"05913";"Dortmund, Stadt";"krsfr. Stadt";"3.315";"2.090";"0";"474";"12,5";"38,5"
"05914";"Hagen, Stadt";"krsfr. Stadt";"3.267";"1.170";"0";"506";"7,6";"42,8"
"05915";"Hamm, Stadt";"krsfr. Stadt";"3.022";"791";"0";"521";"13,3";"42,1"
"05916";"Herne, Stadt";"krsfr. Stadt";"3.295";"3.043";"0";"479";"9,4";"63,0"
"05954";"Ennepe-Ruhr-Kreis";"Landkreis";"3.267";"793";"0";"593";"8,0";"69,2"
"05958";"Hochsauerlandkreis";"Landkreis";"3.186";"133";"68";"610";"9,0";"45,7"
"05962";"Märkischer Kreis";"Landkreis";"3.314";"390";"2";"591";"6,4";"53,9"
"05966";"Olpe";"Landkreis";"3.290";"189";"9";"634";"6,6";"58,0"
"05970";"Siegen-Wittgenstein";"Landkreis";"3.418";"245";"14";"608";"8,0";"58,1"
"05974";"Soest";"Landkreis";"3.174";"227";"19";"600";"10,4";"60,9"
"05978";"Unna";"Landkreis";"2.948";"725";"0";"584";"11,8";"71,8"
"06411";"Darmstadt, Stadt";"krsfr. Stadt";"4.185";"1.296";"0";"452";"9,9";"48,4"
"06412";"Frankfurt am Main, Stadt";"krsfr. Stadt";"4.182";"3.008";"0";"441";"9,1";"32,0"
"06413";"Offenbach am Main, Stadt";"krsfr. Stadt";"3.450";"2.822";"0";"429";"9,1";"71,2"
"06414";"Wiesbaden, Stadt";"krsfr. Stadt";"3.758";"1.366";"0";"512";"8,5";"45,4"
"06431";"Bergstraße";"Landkreis";"3.029";"374";"5";"620";"12,3";"77,3"
"06432";"Darmstadt-Dieburg";"Landkreis";"3.131";"449";"0";"610";"9,7";"83,6"
"06433";"Groß-Gerau";"Landkreis";"3.687";"599";"0";"608";"8,4";"80,1"
"06434";"Hochtaunuskreis";"Landkreis";"4.024";"490";"5";"688";"7,8";"78,5"
"06435";"Main-Kinzig-Kreis";"Landkreis";"3.134";"299";"13";"591";"12,7";"77,4"
"06436";"Main-Taunus-Kreis";"Landkreis";"4.061";"1.066";"0";"755";"7,5";"84,7"
"06437";"Odenwaldkreis";"Landkreis";"2.958";"155";"22";"622";"10,7";"76,2"
"06438";"Offenbach";"Landkreis";"3.477";"987";"0";"589";"7,7";"80,9"
"06439";"Rheingau-Taunus-Kreis";"Landkreis";"3.172";"230";"12";"629";"14,2";"81,3"
"06440";"Wetteraukreis";"Landkreis";"3.156";"277";"11";"598";"10,7";"79,8"
"06531";"Gießen";"Landkreis";"3.237";"312";"10";"549";"16,5";"73,8"
"06532";"Lahn-Dill-Kreis";"Landkreis";"3.300";"238";"15";"618";"9,6";"71,3"
"06533";"Limburg-Weilburg";"Landkreis";"2.982";"233";"12";"624";"22,5";"78,2"
"06534";"Marburg-Biedenkopf";"Landkreis";"3.331";"195";"20";"557";"10,3";"65,1"
"06535";"Vogelsbergkreis";"Landkreis";"2.954";"73";"100";"650";"13,2";"69,0"
"06611";"Kassel, Stadt";"krsfr. Stadt";"3.397";"1.880";"0";"433";"10,6";"35,4"
"06631";"Fulda";"Landkreis";"2.947";"161";"44";"610";"11,7";"68,1"
"06632";"Hersfeld-Rotenburg";"Landkreis";"2.848";"110";"46";"625";"12,3";"68,3"
"06633";"Kassel";"Landkreis";"3.474";"183";"24";"605";"7,6";"80,5"
"06634";"Schwalm-Eder-Kreis";"Landkreis";"3.013";"117";"50";"630";"9,9";"75,0"
"06635";"Waldeck-Frankenberg";"Landkreis";"3.071";"85";"85";"636";"8,6";"60,4"
"06636";"Werra-Meißner-Kreis";"Landkreis";"2.821";"99";"74";"603";"12,3";"69,0"
"07111";"Koblenz, Stadt";"krsfr. Stadt";"3.354";"1.082";"0";"528";"12,6";"40,0"
"07131";"Ahrweiler";"Landkreis";"2.928";"164";"33";"628";"13,0";"77,3"
"07132";"Altenkirchen (Westerwald)";"Landkreis";"3.059";"200";"18";"622";"9,7";"81,9"
"07133";"Bad Kreuznach";"Landkreis";"3.141";"182";"46";"607";"14,3";"74,5"
"07134";"Birkenfeld";"Landkreis";"2.858";"104";"65";"629";"12,7";"61,8"
"07135";"Cochem-Zell";"Landkreis";"2.876";"89";"100";"641";"13,5";"75,6"
"07137";"Mayen-Koblenz";"Landkreis";"2.978";"261";"8";"619";"9,8";"80,1"
"07138";"Neuwied";"Landkreis";"3.114";"290";"0";"626";"10,6";"74,7"
"07140";"Rhein-Hunsrück-Kreis";"Landkreis";"3.032";"104";"85";"649";"14,2";"75,4"
"07141";"Rhein-Lahn-Kreis";"Landkreis";"3.018";"156";"43";"631";"12,9";"78,0"
"07143";"Westerwaldkreis";"Landkreis";"2.958";"203";"28";"644";"11,3";"82,6"
"07211";"Trier, Stadt";"krsfr. Stadt";"3.153";"940";"0";"457";"10,8";"27,8"
"07231";"Bernkastel-Wittlich";"Landkreis";"2.894";"96";"83";"641";"8,8";"71,2"
"07232";"Eifelkreis Bitburg-Prüm";"Landkreis";"3.119";"60";"85";"637";"9,1";"69,7"
"07233";"Vulkaneifel";"Landkreis";"2.948";"67";"100";"647";"15,1";"72,3"
"07235";"Trier-Saarburg";"Landkreis";"2.899";"135";"60";"635";"7,5";"82,7"
"07311";"Frankenthal (Pfalz), Stadt";"krsfr. Stadt";"3.487";"1.103";"0";"536";"9,0";"69,3"
"07312";"Kaiserslautern, Stadt";"krsfr. Stadt";"3.407";"714";"0";"499";"18,8";"37,9"
"07313";"Landau in der Pfalz, Stadt";"krsfr. Stadt";"3.051";"558";"0";"565";"15,7";"59,5"
"07314";"Ludwigshafen am Rhein, Stadt";"krsfr. Stadt";"4.534";"2.176";"0";"476";"10,2";"50,5"
"07315";"Mainz, Stadt";"krsfr. Stadt";"3.554";"2.201";"0";"452";"10,2";"49,4"
"07316";"Neustadt an der Weinstraße, Stadt";"krsfr. Stadt";"2.933";"456";"0";"595";"11,5";"61,8"
"07317";"Pirmasens, Stadt";"krsfr. Stadt";"3.031";"662";"0";"548";"11,9";"38,4"
"07318";"Speyer, Stadt";"krsfr. Stadt";"3.346";"1.192";"0";"562";"7,7";"53,9"
"07319";"Worms, Stadt";"krsfr. Stadt";"3.102";"764";"0";"531";"13,3";"49,9"
"07320";"Zweibrücken, Stadt";"krsfr. Stadt";"3.348";"485";"0";"601";"9,4";"55,5"
"07331";"Alzey-Worms";"Landkreis";"2.848";"219";"19";"631";"13,0";"86,1"
"07332";"Bad Dürkheim";"Landkreis";"2.947";"223";"9";"655";"10,0";"83,0"
"07333";"Donnersbergkreis";"Landkreis";"3.393";"116";"82";"637";"14,9";"80,1"
"07334";"Germersheim";"Landkreis";"3.836";"277";"14";"617";"9,0";"82,7"
"07335";"Kaiserslautern";"Landkreis";"2.892";"165";"29";"623";"14,5";"87,0"
"07336";"Kusel";"Landkreis";"2.895";"123";"59";"651";"10,3";"86,2"
"07337";"Südliche Weinstraße";"Landkreis";"2.986";"173";"37";"665";"11,4";"85,0"
"07338";"Rhein-Pfalz-Kreis";"Landkreis";"2.851";"504";"0";"637";"8,6";"88,6"
"07339";"Mainz-Bingen";"Landkreis";"3.333";"347";"7";"640";"13,6";"85,0"
"07340";"Südwestpfalz";"Landkreis";"2.642";"100";"100";"681";"12,2";"87,2"
"08111";"Stuttgart, Stadt";"krsfr. Stadt";"4.351";"3.052";"0";"471";"9,3";"36,4"
"08115";"Böblingen";"Landkreis";"4.596";"631";"0";"627";"7,5";"78,0"
"08116";"Esslingen";"Landkreis";"3.740";"830";"0";"601";"6,3";"77,1"
"08117";"Göppingen";"Landkreis";"3.428";"399";"5";"617";"10,2";"77,4"
"08118";"Ludwigsburg";"Landkreis";"3.676";"790";"0";"590";"6,3";"79,9"
"08119";"Rems-Murr-Kreis";"Landkreis";"3.425";"495";"4";"599";"5,7";"78,0"
"08121";"Heilbronn, Stadt";"krsfr. Stadt";"3.372";"1.253";"0";"516";"10,8";"49,6"
"08125";"Heilbronn";"Landkreis";"3.771";"310";"4";"670";"8,7";"79,4"
"08126";"Hohenlohekreis";"Landkreis";"3.559";"143";"29";"703";"7,1";"72,8"
"08127";"Schwäbisch Hall";"Landkreis";"3.283";"131";"49";"629";"8,4";"64,5"
"08128";"Main-Tauber-Kreis";"Landkreis";"3.189";"101";"48";"647";"9,9";"64,6"
"08135";"Heidenheim";"Landkreis";"3.580";"210";"19";"602";"7,7";"65,2"
"08136";"Ostalbkreis";"Landkreis";"3.672";"207";"31";"624";"9,4";"64,1"
"08211";"Baden-Baden, Stadt";"krsfr. Stadt";"3.303";"390";"0";"612";"12,5";"50,0"
"08212";"Karlsruhe, Stadt";"krsfr. Stadt";"3.682";"1.799";"0";"442";"13,5";"37,7"
"08215";"Karlsruhe";"Landkreis";"3.341";"408";"1";"606";"9,4";"77,8"
"08216";"Rastatt";"Landkreis";"3.764";"312";"2";"630";"8,5";"73,5"
"08221";"Heidelberg, Stadt";"krsfr. Stadt";"3.718";"1.475";"0";"369";"14,4";"45,2"
"08222";"Mannheim, Stadt";"krsfr. Stadt";"3.829";"2.125";"0";"478";"13,0";"39,9"
"08225";"Neckar-Odenwald-Kreis";"Landkreis";"3.148";"127";"63";"625";"10,9";"72,9"
"08226";"Rhein-Neckar-Kreis";"Landkreis";"3.517";"515";"0";"621";"10,0";"81,9"
"08231";"Pforzheim, Stadt";"Landkreis";"3.249";"1.267";"0";"475";"9,6";"45,1"
"08235";"Calw";"Landkreis";"3.187";"197";"25";"625";"9,6";"74,7"
"08236";"Enzkreis";"Landkreis";"3.275";"346";"0";"634";"7,2";"80,8"
"08237";"Freudenstadt";"Landkreis";"3.396";"135";"54";"616";"12,2";"65,4"
"08311";"Freiburg im Breisgau, Stadt";"krsfr. Stadt";"3.471";"1.500";"0";"391";"11,1";"30,5"
"08315";"Breisgau-Hochschwarzwald";"Landkreis";"3.086";"190";"30";"577";"7,9";"77,8"
"08316";"Emmendingen";"Landkreis";"3.203";"242";"7";"582";"6,6";"78,4"
"08317";"Ortenaukreis";"Landkreis";"3.189";"229";"16";"608";"8,8";"66,9"
"08325";"Rottweil";"Landkreis";"3.382";"180";"26";"641";"8,6";"69,0"
"08326";"Schwarzwald-Baar-Kreis";"Landkreis";"3.271";"206";"20";"593";"8,0";"57,9"
"08327";"Tuttlingen";"Landkreis";"3.493";"190";"17";"597";"5,5";"64,0"
"08335";"Konstanz";"Landkreis";"3.267";"347";"13";"541";"9,2";"57,4"
"08336";"Lörrach";"Landkreis";"3.382";"283";"13";"581";"7,1";"63,4"
"08337";"Waldshut";"Landkreis";"3.117";"150";"23";"603";"7,0";"63,7"
"08415";"Reutlingen";"Landkreis";"3.496";"262";"18";"603";"6,7";"66,8"
"08416";"Tübingen";"Landkreis";"3.484";"435";"0";"530";"9,0";"67,7"
"08417";"Zollernalbkreis";"Landkreis";"3.261";"205";"28";"648";"9,1";"64,1"
"08421";"Ulm, Stadt";"krsfr. Stadt";"3.650";"1.058";"0";"511";"12,1";"39,7"
"08425";"Alb-Donau-Kreis";"Landkreis";"3.239";"143";"50";"619";"9,2";"78,1"
"08426";"Biberach";"Landkreis";"3.716";"141";"48";"618";"7,9";"72,4"
"08435";"Bodenseekreis";"Landkreis";"3.896";"323";"8";"612";"7,6";"64,1"
"08436";"Ravensburg";"Landkreis";"3.250";"174";"39";"599";"7,6";"66,4"
"08437";"Sigmaringen";"Landkreis";"3.288";"108";"70";"625";"8,8";"68,3"
"09161";"Ingolstadt, Stadt";"krsfr. Stadt";"4.635";"1.014";"0";"712";"12,6";"32,4"
"09162";"München, Stadt";"krsfr. Stadt";"4.169";"4.686";"0";"496";"8,9";"27,7"
"09163";"Rosenheim, Stadt";"krsfr. Stadt";"3.291";"1.695";"0";"535";"18,8";"53,4"
"09171";"Altötting";"Landkreis";"3.524";"194";"23";"606";"10,6";"75,4"
"09172";"Berchtesgadener Land";"Landkreis";"2.923";"125";"35";"590";"9,0";"65,5"
"09173";"Bad Tölz-Wolfratshausen";"Landkreis";"3.104";"114";"48";"605";"12,8";"74,7"
"09174";"Dachau";"Landkreis";"3.085";"264";"21";"567";"8,0";"84,4"
"09175";"Ebersberg";"Landkreis";"3.103";"256";"18";"567";"8,2";"85,9"
"09176";"Eichstätt";"Landkreis";"3.219";"108";"61";"602";"8,1";"83,7"
"09177";"Erding";"Landkreis";"2.936";"157";"51";"611";"15,0";"81,6"
"09178";"Freising";"Landkreis";"3.440";"223";"28";"581";"15,4";"79,5"
"09179";"Fürstenfeldbruck";"Landkreis";"3.164";"501";"3";"543";"8,3";"85,9"
"09180";"Garmisch-Partenkirchen";"Landkreis";"2.843";"87";"76";"568";"16,1";"59,8"
"09181";"Landsberg am Lech";"Landkreis";"3.308";"148";"52";"642";"24,2";"79,9"
"09182";"Miesbach";"Landkreis";"3.099";"115";"44";"634";"16,8";"75,9"
"09183";"Mühldorf a.Inn";"Landkreis";"3.074";"142";"45";"609";"19,2";"74,9"
"09184";"München";"Landkreis";"4.227";"522";"6";"637";"8,0";"84,3"
"09185";"Neuburg-Schrobenhausen";"Landkreis";"3.209";"130";"46";"637";"10,7";"72,4"
"09186";"Pfaffenhofen a.d.Ilm";"Landkreis";"3.282";"166";"40";"622";"21,8";"80,4"
"09187";"Rosenheim";"Landkreis";"3.023";"180";"32";"624";"15,6";"77,7"
"09188";"Starnberg";"Landkreis";"3.656";"278";"3";"620";"9,1";"79,9"
"09189";"Traunstein";"Landkreis";"3.249";"115";"60";"625";"9,8";"69,7"
"09190";"Weilheim-Schongau";"Landkreis";"3.509";"139";"40";"620";"17,3";"72,0"
"09261";"Landshut, Stadt";"krsfr. Stadt";"3.140";"1.081";"0";"497";"19,6";"54,2"
"09262";"Passau, Stadt";"krsfr. Stadt";"3.265";"744";"0";"520";"12,8";"32,6"
"09263";"Straubing, Stadt";"krsfr. Stadt";"3.007";"704";"0";"554";"15,0";"40,3"
"09271";"Deggendorf";"Landkreis";"3.056";"138";"50";"622";"14,8";"71,0"
"09272";"Freyung-Grafenau";"Landkreis";"2.773";"80";"100";"636";"10,4";"75,1"
"09273";"Kelheim";"Landkreis";"3.094";"114";"41";"622";"13,3";"73,7"
"09274";"Landshut";"Landkreis";"3.096";"117";"75";"644";"16,5";"82,6"
"09275";"Passau";"Landkreis";"2.749";"125";"66";"631";"9,5";"75,7"
"09276";"Regen";"Landkreis";"2.888";"79";"74";"613";"11,2";"72,8"
"09277";"Rottal-Inn";"Landkreis";"2.796";"94";"64";"651";"11,2";"74,3"
"09278";"Straubing-Bogen";"Landkreis";"2.834";"83";"87";"649";"12,1";"82,9"
"09279";"Dingolfing-Landau";"Landkreis";"3.911";"109";"61";"640";"13,2";"72,9"
"09361";"Amberg, Stadt";"krsfr. Stadt";"3.416";"843";"0";"571";"12,9";"41,7"
"09362";"Regensburg, Stadt";"krsfr. Stadt";"3.676";"1.866";"0";"507";"13,9";"30,0"
"09363";"Weiden i.d.OPf., Stadt";"krsfr. Stadt";"2.823";"603";"0";"593";"11,6";"40,4"
"09371";"Amberg-Sulzbach";"Landkreis";"3.107";"82";"66";"651";"12,4";"76,9"
"09372";"Cham";"Landkreis";"2.821";"84";"84";"660";"10,7";"72,1"
"09373";"Neumarkt i.d.OPf.";"Landkreis";"3.182";"99";"64";"629";"12,6";"69,1"
"09374";"Neustadt a.d.Waldnaab";"Landkreis";"2.942";"66";"79";"659";"10,1";"81,1"
"09375";"Regensburg";"Landkreis";"3.111";"138";"36";"623";"9,8";"86,6"
"09376";"Schwandorf";"Landkreis";"2.965";"100";"68";"646";"11,1";"73,6"
"09377";"Tirschenreuth";"Landkreis";"2.887";"67";"100";"646";"9,2";"73,5"
"09461";"Bamberg, Stadt";"krsfr. Stadt";"3.367";"1.413";"0";"503";"15,2";"41,0"
"09462";"Bayreuth, Stadt";"krsfr. Stadt";"3.137";"1.106";"0";"516";"14,1";"30,8"
"09463";"Coburg, Stadt";"krsfr. Stadt";"3.551";"854";"0";"599";"11,4";"39,1"
"09464";"Hof, Stadt";"krsfr. Stadt";"2.668";"792";"0";"524";"12,1";"40,4"
"09471";"Bamberg";"Landkreis";"2.888";"126";"38";"659";"11,9";"85,7"
"09472";"Bayreuth";"Landkreis";"2.849";"82";"77";"662";"10,8";"81,8"
"09473";"Coburg";"Landkreis";"2.655";"147";"38";"647";"7,5";"78,6"
"09474";"Forchheim";"Landkreis";"3.088";"180";"33";"645";"6,9";"82,0"
"09475";"Hof";"Landkreis";"2.698";"107";"75";"641";"8,8";"73,5"
"09476";"Kronach";"Landkreis";"2.745";"104";"56";"651";"7,6";"71,6"
"09477";"Kulmbach";"Landkreis";"2.956";"109";"55";"662";"9,6";"70,1"
"09478";"Lichtenfels";"Landkreis";"2.724";"128";"31";"641";"8,0";"71,3"
"09479";"Wunsiedel i.Fichtelgebirge";"Landkreis";"2.887";"121";"39";"617";"8,6";"62,7"
"09561";"Ansbach, Stadt";"krsfr. Stadt";"3.171";"417";"0";"582";"13,7";"42,2"
"09562";"Erlangen, Stadt";"krsfr. Stadt";"4.633";"1.442";"0";"484";"7,4";"39,2"
"09563";"Fürth, Stadt";"krsfr. Stadt";"3.221";"1.997";"0";"478";"7,6";"70,8"
"09564";"Nürnberg, Stadt";"krsfr. Stadt";"3.470";"2.763";"0";"463";"9,1";"31,8"
"09565";"Schwabach, Stadt";"krsfr. Stadt";"3.011";"1.000";"0";"611";"7,8";"67,4"
"09571";"Ansbach";"Landkreis";"2.865";"93";"73";"644";"9,4";"74,5"
"09572";"Erlangen-Höchstadt";"Landkreis";"3.953";"240";"7";"646";"6,5";"80,2"
"09573";"Fürth";"Landkreis";"2.862";"378";"4";"633";"7,0";"87,1"
"09574";"Nürnberger Land";"Landkreis";"3.143";"212";"16";"621";"7,9";"80,7"
"09575";"Neustadt a.d.Aisch-Bad Windsheim";"Landkreis";"2.765";"79";"72";"636";"10,7";"76,4"
"09576";"Roth";"Landkreis";"2.975";"141";"41";"653";"9,9";"76,2"
"09577";"Weißenburg-Gunzenhausen";"Landkreis";"3.029";"97";"61";"629";"14,7";"69,6"
"09661";"Aschaffenburg, Stadt";"krsfr. Stadt";"3.327";"1.120";"0";"618";"9,1";"51,8"
"09662";"Schweinfurt, Stadt";"krsfr. Stadt";"3.962";"1.497";"0";"509";"8,0";"36,0"
"09663";"Würzburg, Stadt";"krsfr. Stadt";"3.317";"1.446";"0";"493";"13,0";"35,9"
"09671";"Aschaffenburg";"Landkreis";"3.070";"249";"4";"647";"10,9";"83,7"
"09672";"Bad Kissingen";"Landkreis";"2.887";"91";"67";"651";"11,1";"73,4"
"09673";"Rhön-Grabfeld";"Landkreis";"3.117";"78";"81";"652";"10,6";"76,6"
"09674";"Haßberge";"Landkreis";"3.128";"88";"74";"661";"8,9";"78,5"
"09675";"Kitzingen";"Landkreis";"3.064";"132";"49";"643";"9,0";"75,9"
"09676";"Miltenberg";"Landkreis";"3.108";"180";"20";"631";"10,7";"83,4"
"09677";"Main-Spessart";"Landkreis";"3.400";"96";"56";"649";"9,2";"74,1"
"09678";"Schweinfurt";"Landkreis";"2.709";"137";"54";"654";"8,1";"88,5"
"09679";"Würzburg";"Landkreis";"2.980";"167";"29";"632";"9,9";"88,4"
"09761";"Augsburg, Stadt";"krsfr. Stadt";"3.550";"1.994";"0";"451";"18,2";"41,1"
"09762";"Kaufbeuren, Stadt";"krsfr. Stadt";"3.064";"1.086";"0";"535";"12,6";"49,1"
"09763";"Kempten (Allgäu), Stadt";"krsfr. Stadt";"3.161";"1.080";"0";"545";"8,8";"43,9"
"09764";"Memmingen, Stadt";"krsfr. Stadt";"3.259";"620";"0";"571";"9,6";"38,2"
"09771";"Aichach-Friedberg";"Landkreis";"2.973";"170";"40";"618";"20,0";"80,8"
"09772";"Augsburg";"Landkreis";"2.922";"233";"28";"624";"12,6";"84,0"
"09773";"Dillingen a.d.Donau";"Landkreis";"3.140";"120";"69";"641";"8,9";"74,3"
"09774";"Günzburg";"Landkreis";"3.116";"163";"29";"634";"9,2";"74,6"
"09775";"Neu-Ulm";"Landkreis";"3.392";"334";"9";"601";"9,1";"76,9"
"09776";"Lindau (Bodensee)";"Landkreis";"3.334";"251";"18";"614";"8,6";"65,0"
"09777";"Ostallgäu";"Landkreis";"3.231";"100";"69";"618";"11,6";"71,6"
"09778";"Unterallgäu";"Landkreis";"3.297";"116";"61";"644";"10,6";"78,0"
"09779";"Donau-Ries";"Landkreis";"3.368";"104";"66";"653";"10,2";"70,5"
"09780";"Oberallgäu";"Landkreis";"2.978";"101";"53";"618";"8,2";"72,5"
"10041";"Regionalverband Saarbrücken";"Landkreis";"3.431";"803";"0";"565";"7,3";"57,5"
"10042";"Merzig-Wadern";"Landkreis";"3.028";"186";"23";"661";"7,2";"68,9"
"10043";"Neunkirchen";"Landkreis";"3.190";"534";"0";"631";"6,4";"76,8"
"10044";"Saarlouis";"Landkreis";"3.268";"426";"0";"657";"6,0";"78,9"
"10045";"Saarpfalz-Kreis";"Landkreis";"3.494";"343";"4";"665";"7,5";"67,7"
"10046";"St. Wendel";"Landkreis";"3.102";"185";"21";"678";"9,0";"74,9"
"11000";"Berlin, Stadt";"krsfr. Stadt";"3.126";"4.055";"0";"331";"7,9";"13,9"
"12051";"Brandenburg an der Havel, Stadt";"krsfr. Stadt";"2.765";"313";"0";"470";"15,8";"35,4"
"12052";"Cottbus, Stadt";"krsfr. Stadt";"2.653";"610";"0";"477";"16,1";"35,4"
"12053";"Frankfurt (Oder), Stadt";"krsfr. Stadt";"2.692";"394";"0";"480";"17,6";"31,8"
"12054";"Potsdam, Stadt";"krsfr. Stadt";"2.979";"933";"0";"409";"8,4";"49,1"
"12060";"Barnim";"Landkreis";"2.402";"122";"38";"553";"14,1";"76,3"
"12061";"Dahme-Spreewald";"Landkreis";"2.518";"74";"43";"584";"15,5";"80,8"
"12062";"Elbe-Elster";"Landkreis";"2.215";"54";"76";"609";"18,2";"71,0"
"12063";"Havelland";"Landkreis";"2.227";"93";"40";"553";"13,5";"77,6"
"12064";"Märkisch-Oderland";"Landkreis";"2.408";"89";"45";"578";"14,4";"82,9"
"12065";"Oberhavel";"Landkreis";"2.591";"116";"28";"554";"12,7";"78,2"
"12066";"Oberspreewald-Lausitz";"Landkreis";"2.490";"91";"60";"586";"17,6";"68,5"
"12067";"Oder-Spree";"Landkreis";"2.532";"79";"50";"584";"17,2";"71,0"
"12068";"Ostprignitz-Ruppin";"Landkreis";"2.310";"39";"100";"570";"19,7";"57,4"
"12069";"Potsdam-Mittelmark";"Landkreis";"2.479";"82";"42";"575";"14,8";"81,6"
"12070";"Prignitz";"Landkreis";"2.239";"36";"78";"578";"17,6";"61,7"
"12071";"Spree-Neiße";"Landkreis";"2.532";"70";"69";"609";"14,4";"68,6"
"12072";"Teltow-Fläming";"Landkreis";"2.441";"79";"44";"585";"13,5";"75,0"
"12073";"Uckermark";"Landkreis";"2.334";"39";"100";"560";"20,2";"54,4"
"13003";"Rostock, Stadt";"krsfr. Stadt";"2.763";"1.149";"0";"396";"13,5";"29,3"
"13004";"Schwerin, Stadt";"krsfr. Stadt";"2.795";"734";"0";"448";"15,8";"30,0"
"13071";"Mecklenburgische Seenplatte";"Landkreis";"2.325";"47";"75";"543";"15,7";"57,5"
"13072";"Landkreis Rostock";"Landkreis";"2.239";"63";"69";"564";"14,7";"76,0"
"13073";"Vorpommern-Rügen";"Landkreis";"2.194";"70";"63";"528";"15,4";"62,1"
"13074";"Nordwestmecklenburg";"Landkreis";"2.495";"74";"66";"553";"15,2";"71,3"
"13075";"Vorpommern-Greifswald";"Landkreis";"2.244";"60";"58";"517";"14,4";"59,7"
"13076";"Ludwigslust-Parchim";"Landkreis";"2.295";"45";"84";"587";"22,4";"75,2"
"14511";"Chemnitz, Stadt";"krsfr. Stadt";"2.633";"1.117";"0";"502";"11,0";"30,4"
"14521";"Erzgebirgskreis";"Landkreis";"2.191";"186";"36";"591";"7,6";"71,6"
"14522";"Mittelsachsen";"Landkreis";"2.243";"146";"43";"581";"10,8";"70,3"
"14523";"Vogtlandkreis";"Landkreis";"2.241";"163";"31";"590";"10,9";"64,7"
"14524";"Zwickau";"Landkreis";"2.484";"337";"11";"573";"8,5";"65,2"
"14612";"Dresden, Stadt";"krsfr. Stadt";"2.987";"1.678";"0";"404";"10,7";"25,1"
"14625";"Bautzen";"Landkreis";"2.283";"126";"35";"588";"11,6";"72,3"
"14626";"Görlitz";"Landkreis";"2.183";"122";"30";"554";"14,4";"64,4"
"14627";"Meißen";"Landkreis";"2.418";"167";"40";"555";"10,1";"71,2"
"14628";"Sächsische Schweiz-Osterzgebirge";"Landkreis";"2.298";"148";"45";"569";"7,4";"72,6"
"14713";"Leipzig, Stadt";"krsfr. Stadt";"2.807";"1.954";"0";"378";"12,8";"27,2"
"14729";"Leipzig";"Landkreis";"2.275";"156";"47";"579";"11,6";"77,9"
"14730";"Nordsachsen";"Landkreis";"2.371";"98";"40";"569";"14,8";"71,1"
"15001";"Dessau-Roßlau, Stadt";"krsfr. Stadt";"2.664";"335";"0";"511";"16,7";"33,8"
"15002";"Halle (Saale), Stadt";"krsfr. Stadt";"2.806";"1.771";"0";"388";"11,7";"35,2"
"15003";"Magdeburg, Stadt";"krsfr. Stadt";"2.760";"1.186";"0";"457";"14,4";"30,6"
"15081";"Altmarkkreis Salzwedel";"Landkreis";"2.266";"37";"100";"595";"23,3";"59,6"
"15082";"Anhalt-Bitterfeld";"Landkreis";"2.321";"111";"51";"571";"12,2";"63,2"
"15083";"Börde";"Landkreis";"2.513";"73";"88";"603";"13,7";"74,2"
"15084";"Burgenlandkreis";"Landkreis";"2.383";"129";"44";"554";"15,0";"68,4"
"15085";"Harz";"Landkreis";"2.450";"103";"50";"561";"15,1";"60,3"
"15086";"Jerichower Land";"Landkreis";"2.352";"57";"91";"593";"16,8";"68,1"
"15087";"Mansfeld-Südharz";"Landkreis";"2.324";"95";"62";"578";"16,0";"68,5"
"15088";"Saalekreis";"Landkreis";"2.528";"129";"63";"603";"12,1";"78,7"
"15089";"Salzlandkreis";"Landkreis";"2.449";"135";"35";"544";"13,9";"61,7"
"15090";"Stendal";"Landkreis";"2.358";"47";"100";"555";"21,0";"62,0"
"15091";"Wittenberg";"Landkreis";"2.293";"66";"64";"587";"15,6";"55,6"
"16051";"Erfurt, Stadt";"krsfr. Stadt";"2.679";"789";"0";"446";"12,4";"27,5"
"16052";"Gera, Stadt";"krsfr. Stadt";"2.390";"623";"0";"478";"14,9";"39,8"
"16053";"Jena, Stadt";"krsfr. Stadt";"3.066";"968";"0";"399";"13,2";"27,6"
"16054";"Suhl, Stadt";"krsfr. Stadt";"2.540";"341";"0";"551";"17,1";"45,6"
"16055";"Weimar, Stadt";"krsfr. Stadt";"2.902";"763";"0";"440";"12,1";"49,2"
"16056";"Eisenach, Stadt";"krsfr. Stadt";"2.721";"410";"0";"505";"13,3";"40,0"
"16061";"Eichsfeld";"Landkreis";"2.360";"107";"65";"590";"11,2";"72,4"
"16062";"Nordhausen";"Landkreis";"2.467";"119";"50";"553";"13,3";"59,6"
"16063";"Wartburgkreis";"Landkreis";"2.514";"95";"61";"609";"11,2";"78,9"
"16064";"Unstrut-Hainich-Kreis";"Landkreis";"2.242";"106";"68";"539";"13,1";"64,9"
"16065";"Kyffhäuserkreis";"Landkreis";"2.427";"73";"93";"584";"17,0";"68,5"
"16066";"Schmalkalden-Meiningen";"Landkreis";"2.352";"102";"51";"602";"12,6";"70,4"
"16067";"Gotha";"Landkreis";"2.468";"145";"44";"552";"9,6";"70,7"
"16068";"Sömmerda";"Landkreis";"2.388";"87";"73";"570";"10,7";"75,6"
"16069";"Hildburghausen";"Landkreis";"2.311";"68";"82";"612";"9,9";"75,2"
"16070";"Ilm-Kreis";"Landkreis";"2.509";"129";"47";"542";"10,8";"69,4"
"16071";"Weimarer Land";"Landkreis";"2.372";"102";"73";"580";"10,7";"74,7"
"16072";"Sonneberg";"Landkreis";"2.362";"130";"52";"590";"7,8";"66,3"
"16073";"Saalfeld-Rudolstadt";"Landkreis";"2.466";"104";"47";"570";"10,8";"68,3"
"16074";"Saale-Holzland-Kreis";"Landkreis";"2.288";"102";"55";"586";"11,3";"79,8"
"16075";"Saale-Orla-Kreis";"Landkreis";"2.253";"71";"85";"616";"11,0";"70,0"
"16076";"Greiz";"Landkreis";"2.233";"117";"60";"605";"12,4";"72,0"
"16077";"Altenburger Land";"Landkreis";"2.218";"159";"37";"565";"15,2";"71,7"
